"References","Value","Footprint","QtyPerBoard","Manufacturer","MPN","DNP","Datasheet"
"CMC_RS485_1,CMC_RS485_2","744232090","Inductor_SMD:L_CommonMode_Wurth_WE-CNSW-1206","2","Wurth Elektronik","744232090","","https://www.we-online.com/components/products/datasheet/744232090.pdf"
"C_BULK2","10uF","Capacitor_SMD:C_1206_3216Metric","1","Murata","GRM31CR71E106KA12L","","https://search.murata.co.jp/Ceramy/image/img/A01X/G101/ENG/GRM31CR71E106KA12-01CA.pdf"
"C_DEC1-C_DEC10,C_EXP1,C_FILT1-C_FILT6,C_ISODEC1,C_ISOIN1,C_ISOOUT1,C_RELAY1,C_RSDEC1","100nF","Capacitor_SMD:C_0603_1608Metric","22","Murata","GRM188R72A104KA35D","","https://www.murata.com/products/productdetail?partno=GRM188R72A104KA35%23"
"C_DVDT1","100nF 50V X7R","Capacitor_SMD:C_0805_2012Metric","1","Murata","GRM21BR71H104KA01L","","https://www.murata.com/products/productdetail?partno=GRM21BR71H104KA01%23"
"C_EN1","1uF","Capacitor_SMD:C_0805_2012Metric","1","Murata","GRM21BR71C105KA01L","","https://www.murata.com/en-us/products/productdetail?partno=GRM21BR71C105KA01%23"
"C_IN1","10uF 63V X7R","Capacitor_SMD:C_1210_3225Metric","1","Murata","GRM32ER71J106KA12L","","https://www.murata.com/-/media/webrenewal/tool/library/common-pdf/dynamic-model/component-list-d-mlcc-2504.ashx?cvid=20250523010405000000&la=en"
"C_IN2,C_IN3,C_ISOBULK1,C_ISOBULK2,C_OUT1","10uF 25V","Capacitor_SMD:C_1206_3216Metric","5","Murata","GRM31CR71E106KA12L","","https://search.murata.co.jp/Ceramy/image/img/A01X/G101/ENG/GRM31CR71E106KA12-01CA.pdf"
"C_OUT2,C_OUT3","22uF 10V","Capacitor_SMD:C_1206_3216Metric","2","Murata","GRM31CR71A226KE15L","","https://search.murata.co.jp/Ceramy/image/img/A01X/G101/ENG/GRM31CR71A226KE15-01.pdf"
"C_RELAYBULK1","100uF 25V","Capacitor_THT:CP_Radial_D6.3mm_P2.50mm","1","Panasonic","EEUFR1E101","","https://industrial.panasonic.com/sa/products/pt/aluminum-cap-lead/models/EEUFR1E101"
"D1","SMBJ18CA","Diode_SMD:D_SMB","1","Littelfuse","SMBJ18CA","","https://www.littelfuse.com/assetdocs/tvs-diodes-smbj-series-datasheet?assetguid=ba555e99-a12d-4f72-a0b6-86b06c67171e"
"D_CLHI1-D_CLHI6","BAV99","Package_TO_SOT_SMD:SOT-23","6","onsemi","BAV99LT1G","","https://www.onsemi.com/pdf/datasheet/bav99lt1-d.pdf"
"D_FLT1","Red","LED_SMD:LED_0805_2012Metric","1","Wurth Elektronik","150080RS75000","","https://www.we-online.com/components/products/datasheet/150080RS75000.pdf"
"D_LED2","Green_3V3Present","LED_SMD:LED_0805_2012Metric","1","Wurth Elektronik","150080GS75000","","https://www.we-online.com/components/products/datasheet/150080GS75000.pdf"
"D_LINK1","Yellow","LED_SMD:LED_0805_2012Metric","1","Wurth Elektronik","150080YS75000","","https://www.we-online.com/components/products/datasheet/150080YS75000.pdf"
"D_PWR1","Green","LED_SMD:LED_0805_2012Metric","1","Wurth Elektronik","150080GS75000","","https://www.we-online.com/components/products/datasheet/150080GS75000.pdf"
"D_RS485PROT1,D_RS485PROT2","SM712-02HTG","Package_TO_SOT_SMD:SOT-23","2","Littelfuse","SM712-02HTG","","https://www.littelfuse.com/assetdocs/tvs-diode-array-spa-sm712-datasheet?assetguid=8313a28c-8802-4d47-a2a7-e30b5b1f67d8"
"F1","2A fast / 125V","Fuse:Fuse_Littelfuse-NANO2-451_453","1","Littelfuse","0451002.MRL","","https://www.littelfuse.com/assetdocs/fuse-451-and-453-datasheet?assetguid=533cd5cc-956c-4243-867f-6ab5a62f6ba1"
"F2","1A fast / 125V","Fuse:Fuse_Littelfuse-NANO2-451_453","1","Littelfuse","0451001.MRL","","https://www.littelfuse.com/assetdocs/fuse-451-and-453-datasheet?assetguid=533cd5cc-956c-4243-867f-6ab5a62f6ba1"
"J1","12V IN: + / GND","Connector_Phoenix_MSTB:PhoenixContact_MSTBVA_2,5_2-G-5,08_1x02_P5.08mm_Vertical","1","Phoenix Contact","1755736","","https://www.phoenixcontact.com/en-in/products/pcb-header-mstbva-25-2-g-508-1755736"
"JP_IGND1-JP_IGND6","I_mode_gnd","Connector_PinHeader_2.54mm:PinHeader_1x02_P2.54mm_Vertical","6","Wurth Elektronik","61300211121","","https://www.we-online.com/components/products/datasheet/61300211121.pdf"
"JP_VBYP1-JP_VBYP6","V_mode_bypass","Connector_PinHeader_2.54mm:PinHeader_1x02_P2.54mm_Vertical","6","Wurth Elektronik","61300211121","","https://www.we-online.com/components/products/datasheet/61300211121.pdf"
"J_LORASMA1","SMA PCB jack 50R","Connector_Coaxial:SMA_Amphenol_132134_Vertical","1","Amphenol RF","132134","","https://www.amphenolrf.com/en-us/part/132134/662/"
"J_OUT1","AUX OUT: + / GND","Connector_Phoenix_MSTB:PhoenixContact_MSTBVA_2,5_2-G-5,08_1x02_P5.08mm_Vertical","1","Phoenix Contact","1755736","","https://www.phoenixcontact.com/en-in/products/pcb-header-mstbva-25-2-g-508-1755736"
"J_PROG1","Debug_UART_TX_RX_GND","Connector_PinHeader_2.54mm:PinHeader_1x03_P2.54mm_Vertical","1","Wurth Elektronik","61300311121","","https://www.we-online.com/components/products/datasheet/61300311121.pdf"
"J_RELAY1-J_RELAY8","COM / NO / NC","Connector_Phoenix_MSTB:PhoenixContact_MSTBVA_2,5_3-G-5,08_1x03_P5.08mm_Vertical","8","Phoenix Contact","1755749","","https://www.phoenixcontact.com/en-in/products/pcb-header-mstbva-25-3-g-508-1755749"
"J_RS485_IN1","RS485 IN1 GND/A/B/NC/GND","Connector_Phoenix_MSTB:PhoenixContact_MSTBVA_2,5_5-G-5,08_1x05_P5.08mm_Vertical","1","Phoenix Contact","1755765","","https://www.phoenixcontact.com/en-in/products/pcb-header-mstbva-25-5-g-508-1755765"
"J_RS485_LOC1","RS485 LOC1 GND/A/B/NC/GND","Connector_Phoenix_MSTB:PhoenixContact_MSTBVA_2,5_5-G-5,08_1x05_P5.08mm_Vertical","1","Phoenix Contact","1755765","","https://www.phoenixcontact.com/en-in/products/pcb-header-mstbva-25-5-g-508-1755765"
"J_RS485_OUT1","RS485 OUT1 GND/A/B/NC/GND","Connector_Phoenix_MSTB:PhoenixContact_MSTBVA_2,5_5-G-5,08_1x05_P5.08mm_Vertical","1","Phoenix Contact","1755765","","https://www.phoenixcontact.com/en-in/products/pcb-header-mstbva-25-5-g-508-1755765"
"J_SENSOR_RET1","SensorReturn_x6","TerminalBlock_Phoenix:TerminalBlock_Phoenix_MKDS-1,5-6-5.08_1x06_P5.08mm_Horizontal","1","Phoenix Contact","1710726","","https://www.phoenixcontact.com/it-it/prodotti/morsetto-circuito-stampato-mkds-15-6-508-1710726"
"J_SENSOR_SIG1","SensorSignal_x6","TerminalBlock_Phoenix:TerminalBlock_Phoenix_MKDS-1,5-6-5.08_1x06_P5.08mm_Horizontal","1","Phoenix Contact","1710726","","https://www.phoenixcontact.com/it-it/prodotti/morsetto-circuito-stampato-mkds-15-6-508-1710726"
"J_USB1","USB-C_Programming","SWAFarm_Review:USB4105_GF_A_NPTH_Clearance_025","1","GCT","USB4105-GF-A","","https://gct.co/files/drawings/usb4105.pdf"
"K1-K8","G5Q-14 DC12","Relay_THT:Relay_SPDT_Omron-G5Q-1","8","Omron","G5Q-14 DC12","","https://omronfs.omron.com/en_US/ecb/products/pdf/en-g5q.pdf"
"R_BIASA1,R_BIASB1","680","Resistor_SMD:R_0805_2012Metric","2","YAGEO","RC0805FR-07680RL","","https://yageogroup.com/component-documentation/download/specsheet/RC0805FR-07680RL"
"R_BOOT1,R_ENPU1,R_FLT1,R_IMON1,R_LORABOOT1,R_LORARST1,R_OVP2,R_SETUP1,R_UVLO2","10k","Resistor_SMD:R_0805_2012Metric","9","YAGEO","RC0805FR-0710KL","","https://yageogroup.com/component-documentation/download/specsheet/RC0805FR-0710KL"
"R_BURDEN1-R_BURDEN6","150R","Resistor_SMD:R_0805_2012Metric","6","YAGEO","RC0805FR-07150RL","","https://yageogroup.com/component-documentation/download/specsheet/RC0805FR-07150RL"
"R_CC1_1,R_CC2_1","5.1k","Resistor_SMD:R_0805_2012Metric","2","YAGEO","RC0805FR-075K1L","","https://yageogroup.com/component-documentation/download/specsheet/RC0805FR-075K1L"
"R_EXP_RESET1","10k","Resistor_SMD:R_0603_1608Metric","1","YAGEO","RC0603FR-0710KL","","https://yageogroup.com/component-documentation/download/specsheet/RC0603FR-0710KL"
"R_ILIM1","8.06k 1%","Resistor_SMD:R_0603_1608Metric","1","YAGEO","RC0603FR-078K06L","","https://yageogroup.com/component-documentation/download/specsheet/RC0603FR-078K06L"
"R_ISODE1,R_RELAY_PD1-R_RELAY_PD8,R_RSDE1","47k","Resistor_SMD:R_0603_1608Metric","10","YAGEO","RC0603FR-0747KL","","https://yageogroup.com/component-documentation/download/specsheet/RC0603FR-0747KL"
"R_LED2","330","Resistor_SMD:R_0805_2012Metric","1","YAGEO","RC0805FR-07330RL","","https://yageogroup.com/component-documentation/download/specsheet/RC0805FR-07330RL"
"R_LEDFLT1,R_LINK1,R_PWR1","1k","Resistor_SMD:R_0805_2012Metric","3","YAGEO","RC0805FR-071KL","","https://yageogroup.com/component-documentation/download/specsheet/RC0805FR-071KL"
"R_OVP1","124k","Resistor_SMD:R_0805_2012Metric","1","YAGEO","RC0805FR-07124KL","","https://yageogroup.com/component-documentation/download/specsheet/RC0805FR-07124KL"
"R_SER1-R_SER6","232k","Resistor_SMD:R_0805_2012Metric","6","YAGEO","RC0805FR-07232KL","","https://yageogroup.com/component-documentation/download/specsheet/RC0805FR-07232KL"
"R_SHDN1,R_VBOT1-R_VBOT6","100k","Resistor_SMD:R_0805_2012Metric","7","YAGEO","RC0805FR-07100KL","","https://yageogroup.com/component-documentation/download/specsheet/RC0805FR-07100KL"
"R_TERM1","120R","Resistor_SMD:R_0805_2012Metric","1","YAGEO","RC0805FR-07120RL","","https://yageogroup.com/component-documentation/download/specsheet/RC0805FR-07120RL"
"R_UVLO1","64.9k","Resistor_SMD:R_0805_2012Metric","1","YAGEO","RC0805FR-0764K9L","","https://yageogroup.com/component-documentation/download/specsheet/RC0805FR-0764K9L"
"SW_BOOT1","BOOT","Button_Switch_SMD:SW_SPST_B3U-1000P","1","Omron","B3U-1000P","","https://components.omron.com/us-en/system/files/2023-01/datasheet_pdf/A162-E1.pdf"
"SW_RESET1","RESET","Button_Switch_SMD:SW_SPST_B3U-1000P","1","Omron","B3U-1000P","","https://components.omron.com/us-en/system/files/2023-01/datasheet_pdf/A162-E1.pdf"
"SW_SETUP1","SETUP","Button_Switch_SMD:SW_SPST_B3U-1000P","1","Omron","B3U-1000P","","https://components.omron.com/us-en/system/files/2023-01/datasheet_pdf/A162-E1.pdf"
"U1","TPS26600PWP","SWAFarm_Review:TPS26600PWP_Thermal_D0.30_P0.70","1","Texas Instruments","TPS26600PWP","","https://www.ti.com/lit/ds/symlink/tps2660.pdf"
"U2","R-78B5.0-2.0","Converter_DCDC:Converter_DCDC_RECOM_R-78B-2.0_THT","1","RECOM","R-78B5.0-2.0","","https://recom-power.com/pdf/Innoline/R-78B-2.0.pdf"
"U3","R-78B3.3-2.0","Converter_DCDC:Converter_DCDC_RECOM_R-78B-2.0_THT","1","RECOM","R-78B3.3-2.0","","https://recom-power.com/pdf/Innoline/R-78B-2.0.pdf"
"U_ISO1","ISO7761FDWR","Package_SO:SOIC-16W_7.5x10.3mm_P1.27mm","1","Texas Instruments","ISO7761FDWR","","https://www.ti.com/lit/ds/symlink/iso7761.pdf"
"U_ISODCDC1","TMR 1-0511","Converter_DCDC:Converter_DCDC_TRACO_TMR-1-xxxx_Single_THT","1","TRACO Power","TMR 1-0511","","https://www.tracopower.com/tmr1-datasheet"
"U_LORA1","RAK3172-T-8-SM-NI","RF_Module:RAK3172","1","RAKwireless","RAK3172-T-8-SM-NI","","https://docs.rakwireless.com/product-categories/wisduo/rak3172-module/datasheet/"
"U_MCU1","ESP32-S3-WROOM-1-N16R8","SWAFarm_Review:ESP32-S3-WROOM-1_Thermal_D0.30_P0.70","1","Espressif","ESP32-S3-WROOM-1-N16R8","","https://www.espressif.com/sites/default/files/documentation/esp32-s3-wroom-1_wroom-1u_datasheet_en.pdf"
"U_RELAY1","TBD62083AFWG,EL","Package_SO:SOIC-18W_7.5x11.6mm_P1.27mm","1","Toshiba","TBD62083AFWG,EL","","https://toshiba.semicon-storage.com/info/docget.jsp?did=29893"
"U_RS485_TX1","THVD1450DR","Package_SO:SOIC-8_3.9x4.9mm_P1.27mm","1","Texas Instruments","THVD1450DR","","https://www.ti.com/lit/ds/symlink/thvd1450.pdf"
"U_VALVEEXP1","MCP23S17-E/SO","Package_SO:SOIC-28W_7.5x17.9mm_P1.27mm","1","Microchip","MCP23S17-E/SO","","https://ww1.microchip.com/downloads/en/DeviceDoc/20001952C.pdf"
