Ref,Val,Package,PosX,PosY,Rot,Side
"CMC_RS485_1","744232090","L_CommonMode_Wurth_WE-CNSW-1206",124.000000,-22.000000,-90.000000,top
"CMC_RS485_2","744232090","L_CommonMode_Wurth_WE-CNSW-1206",154.000000,-22.000000,-90.000000,top
"C_BULK2","10uF","C_1206_3216Metric",47.000000,-9.000000,180.000000,top
"C_DEC1","100nF","C_0603_1608Metric",52.000000,-9.000000,180.000000,top
"C_DEC2","100nF","C_0603_1608Metric",78.000000,-13.000000,0.000000,top
"C_DEC3","100nF","C_0603_1608Metric",78.000000,-27.000000,0.000000,top
"C_DEC4","100nF","C_0603_1608Metric",59.000000,-32.000000,0.000000,top
"C_DEC5","100nF","C_0603_1608Metric",40.000000,-44.000000,0.000000,top
"C_DEC6","100nF","C_0603_1608Metric",59.000000,-45.000000,0.000000,top
"C_DEC7","100nF","C_0603_1608Metric",81.000000,-70.000000,0.000000,top
"C_DEC8","100nF","C_0603_1608Metric",86.000000,-84.000000,0.000000,top
"C_DEC9","100nF","C_0603_1608Metric",101.000000,-42.000000,180.000000,top
"C_DEC10","100nF","C_0603_1608Metric",99.000000,-39.000000,180.000000,top
"C_DVDT1","100nF 50V X7R","C_0805_2012Metric",168.000000,-94.000000,90.000000,top
"C_EN1","1uF","C_0805_2012Metric",52.000000,-14.000000,0.000000,top
"C_EXP1","100nF","C_0603_1608Metric",101.000000,-73.000000,90.000000,top
"C_FILT1","100nF","C_0603_1608Metric",37.000000,-70.000000,90.000000,top
"C_FILT2","100nF","C_0603_1608Metric",56.000000,-70.000000,90.000000,top
"C_FILT3","100nF","C_0603_1608Metric",75.000000,-70.000000,90.000000,top
"C_FILT4","100nF","C_0603_1608Metric",37.000000,-95.000000,90.000000,top
"C_FILT5","100nF","C_0603_1608Metric",56.000000,-95.000000,90.000000,top
"C_FILT6","100nF","C_0603_1608Metric",75.000000,-95.000000,90.000000,top
"C_IN1","10uF 63V X7R","C_1210_3225Metric",175.000000,-84.000000,0.000000,top
"C_IN2","10uF 25V","C_1206_3216Metric",132.000000,-80.000000,90.000000,top
"C_IN3","10uF 25V","C_1206_3216Metric",132.000000,-97.000000,90.000000,top
"C_ISOBULK1","10uF 25V","C_1206_3216Metric",97.000000,-31.000000,90.000000,top
"C_ISOBULK2","10uF 25V","C_1206_3216Metric",120.000000,-30.000000,90.000000,top
"C_ISODEC1","100nF","C_0603_1608Metric",103.000000,-40.000000,0.000000,top
"C_ISOIN1","100nF","C_0603_1608Metric",101.000000,-24.000000,0.000000,top
"C_ISOOUT1","100nF","C_0603_1608Metric",119.500000,-40.000000,180.000000,top
"C_OUT1","10uF 25V","C_1206_3216Metric",162.000000,-74.000000,0.000000,top
"C_OUT2","22uF 10V","C_1206_3216Metric",149.000000,-80.000000,90.000000,top
"C_OUT3","22uF 10V","C_1206_3216Metric",149.000000,-97.000000,90.000000,top
"C_RELAY1","100nF","C_0603_1608Metric",97.000000,-110.000000,0.000000,top
"C_RELAYBULK1","100uF 25V","CP_Radial_D6.3mm_P2.50mm",119.000000,-105.000000,0.000000,top
"C_RSDEC1","100nF","C_0603_1608Metric",137.000000,-40.000000,180.000000,top
"D1","SMBJ18CA","D_SMB",171.000000,-78.000000,90.000000,top
"D_CLHI1","BAV99","SOT-23",38.000000,-78.000000,0.000000,top
"D_CLHI2","BAV99","SOT-23",57.000000,-78.000000,0.000000,top
"D_CLHI3","BAV99","SOT-23",76.000000,-78.000000,0.000000,top
"D_CLHI4","BAV99","SOT-23",38.000000,-103.000000,0.000000,top
"D_CLHI5","BAV99","SOT-23",57.000000,-103.000000,0.000000,top
"D_CLHI6","BAV99","SOT-23",76.000000,-103.000000,0.000000,top
"D_FLT1","Red","LED_0805_2012Metric",99.000000,-5.000000,0.000000,top
"D_LED2","Green_3V3Present","LED_0805_2012Metric",154.000000,-105.000000,0.000000,top
"D_LINK1","Yellow","LED_0805_2012Metric",92.000000,-5.000000,0.000000,top
"D_PWR1","Green","LED_0805_2012Metric",91.000000,-14.000000,0.000000,top
"D_RS485PROT1","SM712-02HTG","SOT-23",119.000000,-21.000000,90.000000,top
"D_RS485PROT2","SM712-02HTG","SOT-23",149.000000,-21.000000,90.000000,top
"F1","2A fast / 125V","Fuse_Littelfuse-NANO2-451_453",181.000000,-78.000000,0.000000,top
"F2","1A fast / 125V","Fuse_Littelfuse-NANO2-451_453",167.000000,-104.000000,0.000000,top
"J1","12V IN: + / GND","PhoenixContact_MSTBVA_2,5_2-G-5,08_1x02_P5.08mm_Vertical",190.000000,-77.000000,-90.000000,top
"JP_IGND1","I_mode_gnd","PinHeader_1x02_P2.54mm_Vertical",31.000000,-83.000000,90.000000,top
"JP_IGND2","I_mode_gnd","PinHeader_1x02_P2.54mm_Vertical",50.000000,-83.000000,90.000000,top
"JP_IGND3","I_mode_gnd","PinHeader_1x02_P2.54mm_Vertical",69.000000,-83.000000,90.000000,top
"JP_IGND4","I_mode_gnd","PinHeader_1x02_P2.54mm_Vertical",31.000000,-108.000000,90.000000,top
"JP_IGND5","I_mode_gnd","PinHeader_1x02_P2.54mm_Vertical",50.000000,-108.000000,90.000000,top
"JP_IGND6","I_mode_gnd","PinHeader_1x02_P2.54mm_Vertical",69.000000,-108.000000,90.000000,top
"JP_VBYP1","V_mode_bypass","PinHeader_1x02_P2.54mm_Vertical",25.000000,-75.000000,90.000000,top
"JP_VBYP2","V_mode_bypass","PinHeader_1x02_P2.54mm_Vertical",44.000000,-75.000000,90.000000,top
"JP_VBYP3","V_mode_bypass","PinHeader_1x02_P2.54mm_Vertical",63.000000,-75.000000,90.000000,top
"JP_VBYP4","V_mode_bypass","PinHeader_1x02_P2.54mm_Vertical",25.000000,-100.000000,90.000000,top
"JP_VBYP5","V_mode_bypass","PinHeader_1x02_P2.54mm_Vertical",44.000000,-100.000000,90.000000,top
"JP_VBYP6","V_mode_bypass","PinHeader_1x02_P2.54mm_Vertical",63.000000,-100.000000,90.000000,top
"J_LORASMA1","SMA PCB jack 50R","SMA_Amphenol_132134_Vertical",72.000000,-57.000000,0.000000,top
"J_OUT1","AUX OUT: + / GND","PhoenixContact_MSTBVA_2,5_2-G-5,08_1x02_P5.08mm_Vertical",190.000000,-98.000000,-90.000000,top
"J_PROG1","Debug_UART_TX_RX_GND","PinHeader_1x03_P2.54mm_Vertical",83.000000,-20.000000,0.000000,top
"J_RELAY1","COM / NO / NC","PhoenixContact_MSTBVA_2,5_3-G-5,08_1x03_P5.08mm_Vertical",9.000000,-145.000000,0.000000,top
"J_RELAY2","COM / NO / NC","PhoenixContact_MSTBVA_2,5_3-G-5,08_1x03_P5.08mm_Vertical",33.000000,-145.000000,0.000000,top
"J_RELAY3","COM / NO / NC","PhoenixContact_MSTBVA_2,5_3-G-5,08_1x03_P5.08mm_Vertical",57.000000,-145.000000,0.000000,top
"J_RELAY4","COM / NO / NC","PhoenixContact_MSTBVA_2,5_3-G-5,08_1x03_P5.08mm_Vertical",81.000000,-145.000000,0.000000,top
"J_RELAY5","COM / NO / NC","PhoenixContact_MSTBVA_2,5_3-G-5,08_1x03_P5.08mm_Vertical",105.000000,-145.000000,0.000000,top
"J_RELAY6","COM / NO / NC","PhoenixContact_MSTBVA_2,5_3-G-5,08_1x03_P5.08mm_Vertical",129.000000,-145.000000,0.000000,top
"J_RELAY7","COM / NO / NC","PhoenixContact_MSTBVA_2,5_3-G-5,08_1x03_P5.08mm_Vertical",153.000000,-145.000000,0.000000,top
"J_RELAY8","COM / NO / NC","PhoenixContact_MSTBVA_2,5_3-G-5,08_1x03_P5.08mm_Vertical",177.000000,-145.000000,0.000000,top
"J_RS485_IN1","RS485 IN1 GND/A/B/NC/GND","PhoenixContact_MSTBVA_2,5_5-G-5,08_1x05_P5.08mm_Vertical",110.000000,-12.000000,0.000000,top
"J_RS485_LOC1","RS485 LOC1 GND/A/B/NC/GND","PhoenixContact_MSTBVA_2,5_5-G-5,08_1x05_P5.08mm_Vertical",140.000000,-12.000000,0.000000,top
"J_RS485_OUT1","RS485 OUT1 GND/A/B/NC/GND","PhoenixContact_MSTBVA_2,5_5-G-5,08_1x05_P5.08mm_Vertical",170.000000,-16.000000,0.000000,top
"J_SENSOR_RET1","SensorReturn_x6","TerminalBlock_Phoenix_MKDS-1,5-6-5.08_1x06_P5.08mm_Horizontal",7.000000,-30.000000,-90.000000,top
"J_SENSOR_SIG1","SensorSignal_x6","TerminalBlock_Phoenix_MKDS-1,5-6-5.08_1x06_P5.08mm_Horizontal",7.000000,-70.000000,-90.000000,top
"J_USB1","USB-C_Programming","USB4105_GF_A_NPTH_Clearance_025",34.000000,-3.000000,180.000000,top
"K1","G5Q-14 DC12","Relay_SPDT_Omron-G5Q-1",10.000000,-118.000000,-90.000000,top
"K2","G5Q-14 DC12","Relay_SPDT_Omron-G5Q-1",34.000000,-118.000000,-90.000000,top
"K3","G5Q-14 DC12","Relay_SPDT_Omron-G5Q-1",58.000000,-118.000000,-90.000000,top
"K4","G5Q-14 DC12","Relay_SPDT_Omron-G5Q-1",82.000000,-118.000000,-90.000000,top
"K5","G5Q-14 DC12","Relay_SPDT_Omron-G5Q-1",106.000000,-118.000000,-90.000000,top
"K6","G5Q-14 DC12","Relay_SPDT_Omron-G5Q-1",130.000000,-118.000000,-90.000000,top
"K7","G5Q-14 DC12","Relay_SPDT_Omron-G5Q-1",154.000000,-118.000000,-90.000000,top
"K8","G5Q-14 DC12","Relay_SPDT_Omron-G5Q-1",178.000000,-118.000000,-90.000000,top
"R_BIASA1","680","R_0805_2012Metric",140.000000,-44.000000,0.000000,top
"R_BIASB1","680","R_0805_2012Metric",140.000000,-48.000000,0.000000,top
"R_BOOT1","10k","R_0805_2012Metric",55.000000,-30.000000,0.000000,top
"R_BURDEN1","150R","R_0805_2012Metric",32.000000,-76.000000,90.000000,top
"R_BURDEN2","150R","R_0805_2012Metric",51.000000,-76.000000,90.000000,top
"R_BURDEN3","150R","R_0805_2012Metric",70.000000,-76.000000,90.000000,top
"R_BURDEN4","150R","R_0805_2012Metric",32.000000,-101.000000,90.000000,top
"R_BURDEN5","150R","R_0805_2012Metric",51.000000,-101.000000,90.000000,top
"R_BURDEN6","150R","R_0805_2012Metric",70.000000,-101.000000,90.000000,top
"R_CC1_1","5.1k","R_0805_2012Metric",29.000000,-11.000000,90.000000,top
"R_CC2_1","5.1k","R_0805_2012Metric",38.000000,-11.000000,90.000000,top
"R_ENPU1","10k","R_0805_2012Metric",48.000000,-18.000000,90.000000,top
"R_EXP_RESET1","10k","R_0603_1608Metric",97.000000,-91.000000,0.000000,top
"R_FLT1","10k","R_0805_2012Metric",171.000000,-73.000000,0.000000,top
"R_ILIM1","8.06k 1%","R_0603_1608Metric",169.000000,-89.000000,90.000000,top
"R_IMON1","10k","R_0805_2012Metric",166.000000,-91.000000,90.000000,top
"R_ISODE1","47k","R_0603_1608Metric",122.000000,-44.000000,90.000000,top
"R_LED2","330","R_0805_2012Metric",154.000000,-101.000000,90.000000,top
"R_LEDFLT1","1k","R_0805_2012Metric",99.000000,-9.000000,0.000000,top
"R_LINK1","1k","R_0805_2012Metric",92.000000,-9.000000,0.000000,top
"R_LORABOOT1","10k","R_0805_2012Metric",100.000000,-51.000000,0.000000,top
"R_LORARST1","10k","R_0805_2012Metric",100.000000,-47.000000,0.000000,top
"R_OVP1","124k","R_0805_2012Metric",153.000000,-85.000000,90.000000,top
"R_OVP2","10k","R_0805_2012Metric",156.000000,-88.000000,0.000000,top
"R_PWR1","1k","R_0805_2012Metric",96.000000,-14.000000,0.000000,top
"R_RELAY_PD1","47k","R_0603_1608Metric",91.000000,-95.000000,90.000000,top
"R_RELAY_PD2","47k","R_0603_1608Metric",94.000000,-95.000000,90.000000,top
"R_RELAY_PD3","47k","R_0603_1608Metric",97.000000,-95.000000,90.000000,top
"R_RELAY_PD4","47k","R_0603_1608Metric",100.000000,-95.000000,90.000000,top
"R_RELAY_PD5","47k","R_0603_1608Metric",103.000000,-95.000000,90.000000,top
"R_RELAY_PD6","47k","R_0603_1608Metric",106.000000,-95.000000,90.000000,top
"R_RELAY_PD7","47k","R_0603_1608Metric",109.000000,-95.000000,90.000000,top
"R_RELAY_PD8","47k","R_0603_1608Metric",112.000000,-95.000000,90.000000,top
"R_RSDE1","47k","R_0603_1608Metric",103.000000,-45.000000,90.000000,top
"R_SER1","232k","R_0805_2012Metric",25.000000,-70.000000,0.000000,top
"R_SER2","232k","R_0805_2012Metric",44.000000,-70.000000,0.000000,top
"R_SER3","232k","R_0805_2012Metric",63.000000,-70.000000,0.000000,top
"R_SER4","232k","R_0805_2012Metric",25.000000,-95.000000,0.000000,top
"R_SER5","232k","R_0805_2012Metric",44.000000,-95.000000,0.000000,top
"R_SER6","232k","R_0805_2012Metric",63.000000,-95.000000,0.000000,top
"R_SETUP1","10k","R_0805_2012Metric",72.000000,-28.000000,0.000000,top
"R_SHDN1","100k","R_0805_2012Metric",154.000000,-92.000000,0.000000,top
"R_TERM1","120R","R_0805_2012Metric",139.000000,-52.000000,90.000000,top
"R_UVLO1","64.9k","R_0805_2012Metric",153.000000,-75.000000,90.000000,top
"R_UVLO2","10k","R_0805_2012Metric",153.000000,-80.000000,90.000000,top
"R_VBOT1","100k","R_0805_2012Metric",33.000000,-70.000000,90.000000,top
"R_VBOT2","100k","R_0805_2012Metric",52.000000,-70.000000,90.000000,top
"R_VBOT3","100k","R_0805_2012Metric",71.000000,-70.000000,90.000000,top
"R_VBOT4","100k","R_0805_2012Metric",33.000000,-95.000000,90.000000,top
"R_VBOT5","100k","R_0805_2012Metric",52.000000,-95.000000,90.000000,top
"R_VBOT6","100k","R_0805_2012Metric",71.000000,-95.000000,90.000000,top
"SW_BOOT1","BOOT","SW_SPST_B3U-1000P",49.000000,-30.000000,0.000000,top
"SW_RESET1","RESET","SW_SPST_B3U-1000P",43.000000,-25.000000,0.000000,top
"SW_SETUP1","SETUP","SW_SPST_B3U-1000P",72.000000,-32.000000,0.000000,top
"U1","TPS26600PWP","TPS26600PWP_Thermal_D0.30_P0.70",162.000000,-81.000000,0.000000,top
"U2","R-78B5.0-2.0","Converter_DCDC_RECOM_R-78B-2.0_THT",138.000000,-79.000000,0.000000,top
"U3","R-78B3.3-2.0","Converter_DCDC_RECOM_R-78B-2.0_THT",138.000000,-96.000000,0.000000,top
"U_ISO1","ISO7761FDWR","SOIC-16W_7.5x10.3mm_P1.27mm",111.000000,-45.000000,0.000000,top
"U_ISODCDC1","TMR 1-0511","Converter_DCDC_TRACO_TMR-1-xxxx_Single_THT",101.000000,-28.000000,0.000000,top
"U_LORA1","RAK3172-T-8-SM-NI","RAK3172",88.000000,-51.750000,0.000000,top
"U_MCU1","ESP32-S3-WROOM-1-N16R8","ESP32-S3-WROOM-1_Thermal_D0.30_P0.70",65.000000,-13.000000,0.000000,top
"U_RELAY1","TBD62083AFWG,EL","SOIC-18W_7.5x11.6mm_P1.27mm",103.000000,-103.000000,-90.000000,top
"U_RS485_TX1","THVD1450DR","SOIC-8_3.9x4.9mm_P1.27mm",130.000000,-43.000000,0.000000,top
"U_VALVEEXP1","MCP23S17-E/SO","SOIC-28W_7.5x17.9mm_P1.27mm",103.000000,-82.000000,-90.000000,top
